번호,뉴스기사날짜,뉴스기사제목
1,2021.01.25 05:30,[한경 CFO Insight] 삼정KPMG-코로나19로 중요해진 '융합보안'
2,2021.01.25 05:24,[한경 CFO Insight] 딜리뷰-네이버의 무서운 영토 확장
3,2021.01.25 00:27,대전 종교 교육시설서 127명 코로나 집단감염
4,2021.01.24 23:54,"홍남기 부총리, 자영업 손실보상 당정청 회의 불참"
5,2021.01.24 23:43,내일 400명대 중후반 예상…오후 9시까지 전국 신규확진 415명
6,2021.01.24 23:35,"'특전사 출신' 박군, 30억 포기하고 가수된 사연"
7,2021.01.24 23:03,"화이자 등 백신 공급 줄이자…EU ""계약 준수하게 할 것"""
8,2021.01.24 22:42,"日, 코로나19 신규확진 4000명 밑돌아…""확산세 둔화"""
9,2021.01.24 21:45,이번엔 대전…종교 관련 비인가 학교서 127명 무더기 감염 [종합]
10,2021.01.24 21:32,[속보] 대전 종교 관련 비인가 교육시설서 127명 코로나 확진
11,2021.01.24 21:22,서울 일일 확진자 최소 88명…두달만에 첫 두 자릿수 나오나
12,2021.01.24 21:08,"정부 ""동물→인간 코로나19 전파 사례는 없어"" [종합]"
13,2021.01.24 20:33,"견주에게 옮았나…""고양이 이어 강아지도 코로나19 확진"""
